Id,BIRTHDATE,DEATHDATE,SSN,DRIVERS,PASSPORT,PREFIX,FIRST,LAST,SUFFIX,MAIDEN,MARITAL,RACE,ETHNICITY,GENDER,BIRTHPLACE,ADDRESS,CITY,STATE,COUNTY,ZIP,LAT,LON,HEALTHCARE_EXPENSES,HEALTHCARE_COVERAGE
4dbddb44-6dab-6a69-33c0-ed17c90a7523,1999-01-19,,999-27-7863,S99999284,X74590654X,Mr.,Lanny564,Bartoletti50,,,,white,nonhispanic,M,Saugus  Massachusetts  US,997 Hilpert Trafficway,Attleboro,Massachusetts,Bristol County,,41.9170923695831,-71.37631657811067,604126.44,4697.97
2a1214a2-7488-3b1b-0d21-0678b279fecb,1995-07-28,,999-89-4275,S99935399,X43612931X,Mr.,Rubin812,Gulgowski816,,,,white,nonhispanic,M,Billerica  Massachusetts  US,1013 Pouros Orchard Apt 37,Lynn,Massachusetts,Essex County,,42.44449437504859,-70.97803480585554,54666.47,33950.50
b191cd76-2dbf-5af3-a9c4-7f770e18bc31,1993-06-02,,999-99-5657,S99971337,X36838239X,Mr.,Gaston250,Moen819,,,S,white,nonhispanic,M,Lenox  Massachusetts  US,670 Gerhold Haven Suite 43,Palmer,Massachusetts,Hampden County,01057,42.06306717623894,-72.33344687223293,944069.78,800.70
ceaaa849-8b9a-48e7-cf92-aeaaeed0d486,1983-12-19,,999-66-9762,S99982576,X72144395X,Mrs.,Karma832,Spencer878,,Anderson154,M,white,nonhispanic,F,Taunton  Massachusetts  US,203 Boyer Gateway,Haverhill,Massachusetts,Essex County,,42.82113916014585,-71.18045729801645,229386.87,989380.51
46df91f7-d789-de1d-1766-3bcc06f504aa,1956-03-04,,999-58-4468,S99975460,X77283445X,Mrs.,Alejandra902,Adorno791,,Galindo802,M,white,hispanic,F,Guatemala City  Guatemala  GT,183 Wilderman Ranch Suite 88,Newton,Massachusetts,Middlesex County,02464,42.344453545229854,-71.24734889494015,2846160.05,23723.55
75cbf993-24e7-5695-0185-fc7ae1574e0a,1957-04-04,1959-04-04,999-71-7879,,,,Freeman822,Lindgren255,,,,white,nonhispanic,M,Norwood  Massachusetts  US,105 Koss Grove,Methuen,Massachusetts,Essex County,01841,42.70663230450794,-71.17251518273022,51656.85,74.95
0716a41b-b232-dd68-e61b-9eea8bd428bb,2018-02-19,,999-18-5892,,,,Bruno518,Fritsch593,,,,white,nonhispanic,M,Abington  Massachusetts  US,498 Shanahan Loaf,Cambridge,Massachusetts,Middlesex County,02141,42.39767433703486,-71.08224960526111,123246.63,96.06
bb990949-195f-0fe8-4f98-b564d8a8fc25,1991-11-09,,999-75-4403,S99981414,X56924421X,Mrs.,Deena887,Cremin516,,Stokes453,M,white,nonhispanic,F,Lawrence  Massachusetts  US,606 Kunze Port,Leominster,Massachusetts,Worcester County,01420,42.47669911979401,-71.75862352446296,669038.60,57.86
f03d8cdd-55a3-1730-ea76-6cfeae48d2b3,1958-03-03,,999-81-3133,S99999015,X4366843X,Mr.,Emmanuel930,Prohaska837,,,M,black,nonhispanic,M,Wakefield  Massachusetts  US,867 Waelchi Well Unit 78,Natick,Massachusetts,Middlesex County,,42.25573174033101,-71.3872603768279,1602695.76,3259.21
810f5a62-10e9-b868-3343-7cebfd68da2e,2000-02-14,,999-30-9207,S99947202,X64501022X,Mr.,Arnoldo445,Dietrich576,,,,white,nonhispanic,M,Brockton  Massachusetts  US,898 Bradtke Promenade,Worcester,Massachusetts,Worcester County,01607,42.34480370747375,-71.77302251496292,1077165.32,118460.51
abcdce65-f2e8-d76a-edb0-603aa98e9113,1965-02-20,,999-97-2642,S99930815,X50159789X,Mrs.,Malorie969,Lesch175,,Parker433,M,white,nonhispanic,F,Dalton  Massachusetts  US,588 Orn Village Apt 30,New Bedford,Massachusetts,Bristol County,02740,41.68915350131367,-70.9917599741005,394204.08,305293.70
d90fead4-f6db-f8a1-8756-4f84b1bbcb00,2019-09-05,,999-31-9461,,,,Louise871,Kautzer186,,,,white,nonhispanic,F,Andover  Massachusetts  US,802 Marks Camp,Marblehead,Massachusetts,Essex County,,42.480288984078186,-70.8174950148734,78057.20,106.01
44d6fff8-053f-2d0d-f0cb-65ae214ae021,1952-05-08,,999-77-1834,S99915008,X49922978X,Mrs.,Romona686,Treutel973,,Schuster709,M,white,nonhispanic,F,Waltham  Massachusetts  US,227 Welch Ranch,Sterling,Massachusetts,Worcester County,,42.49466252897463,-71.75263596771916,2110503.88,310716.25
dd6f6407-6163-edf2-83db-8e992b583413,1997-03-31,,999-86-5190,S99928961,X73760576X,Mr.,Mose244,Heidenreich818,,,,white,nonhispanic,M,Salvador  Bahia  BR,1021 Kunde Port,Boston,Massachusetts,Suffolk County,02121,42.31114678020855,-71.11850562162397,612804.64,3855.85
5befed45-7c14-fb3a-636d-2139a74d6267,1957-04-04,,999-60-5267,S99961887,X46964011X,Mr.,Clarence5,Bashirian201,,,M,white,nonhispanic,M,New Bedford  Massachusetts  US,637 Lubowitz Boulevard,Methuen,Massachusetts,Essex County,,42.79140453526183,-71.17391784537695,1644695.93,20671.58
20b7ec76-0be7-6735-e35c-9d76307c656d,1965-05-05,,999-40-3894,S99942575,X80533784X,Mrs.,Catalina187,Villaseñor332,,Meraz691,M,white,hispanic,F,Mexico City  Mexico City  MX,1076 Doyle Port,Boston,Massachusetts,Suffolk County,02114,42.39040207979835,-71.02647664114392,2048801.49,460488.11
89f17880-d81c-488d-348b-e7a5db2f569d,1958-06-03,,999-23-5145,S99930076,X63986339X,Mrs.,Lavon272,Boehm581,,Bednar518,M,white,nonhispanic,F,Newton  Massachusetts  US,473 Upton Plaza,Waltham,Massachusetts,Middlesex County,02452,42.368736187675246,-71.20630997521287,1710580.93,13226.56
78f0fe67-71fd-d9b4-18d1-79c8328c9ab3,1977-06-09,,999-67-6034,S99951156,X17399875X,Mrs.,Senaida415,Jacobson885,,Lesch175,M,asian,nonhispanic,F,Danvers  Massachusetts  US,120 Reichert Burg Unit 94,Medford,Massachusetts,Middlesex County,02155,42.42789684509044,-71.12007195656,1310753.40,375396.93
49235cba-3d91-8905-d9a3-aa4f279f79c3,1963-09-08,,999-91-6337,S99951825,X71809039X,Mr.,Harris789,Daniel959,,,S,white,nonhispanic,M,Salem  Massachusetts  US,710 McCullough Park Suite 30,Bellingham,Massachusetts,Norfolk County,,42.07184803131232,-71.42700751749585,1688778.67,53556.70
99763c6a-78b8-d2cd-39f6-37db45930789,2019-06-24,,999-22-8793,,,,Marlen929,Kuhlman484,,,,white,nonhispanic,F,Watertown  Massachusetts  US,263 Bogisich Passage,Haverhill,Massachusetts,Essex County,01830,42.77666494947217,-71.07514780111566,52278.60,0.00
4a5441d4-d50d-4e2f-fefb-bd10b5c5c8a7,2006-06-30,,999-86-3472,,,,Wes853,Paucek755,,,,white,nonhispanic,M,Webster  Massachusetts  US,588 Langworth Forge,Lowell,Massachusetts,Middlesex County,01854,42.651567969743034,-71.33738606435313,302426.48,63.00
c852f976-f349-99db-f8a5-57f7a205e293,1953-06-08,,999-24-6391,S99938392,X32922620X,Mr.,Virgilio529,Rippin620,,,M,white,nonhispanic,M,Lawrence  Massachusetts  US,756 Howe Lock Unit 10,Marshfield,Massachusetts,Plymouth County,,42.15200705837517,-70.71567433981524,1797412.97,3974.39
b62016d4-eedd-007c-60d9-89cc63162bef,1958-03-05,,999-21-7298,S99952455,X64603171X,Mrs.,Lauren941,Dickinson688,,Bahringer146,M,white,hispanic,F,Boston  Massachusetts  US,187 Ward Camp Unit 78,Natick,Massachusetts,Middlesex County,,42.33368769995507,-71.3079059541681,1979066.02,108732.00
17c8bd84-8197-720e-ad4b-5f0d94492495,2022-02-04,,999-38-1911,,,,Hung902,Lesch175,,,,white,nonhispanic,M,Boston  Massachusetts  US,775 Marquardt Neck Unit 21,Longmeadow,Massachusetts,Hampden County,01106,42.08632584847826,-72.53336775743328,10034.24,402.74
9106cb11-102f-a16c-0527-477f35645161,1987-02-17,,999-54-8409,S99951843,X78599696X,Mr.,Dean966,Bartoletti50,,,M,black,nonhispanic,M,Lowell  Massachusetts  US,481 Tremblay Byway,Adams,Massachusetts,Berkshire County,01220,42.61999322046238,-73.09742414312797,667207.54,244.46
4869442f-6fbe-3b9c-197f-f0a885a4c3d4,1952-10-08,2018-08-22,999-39-1399,S99993758,X2582738X,Mr.,Norris589,Gerhold939,,,S,black,nonhispanic,M,Middleborough  Massachusetts  US,658 Conn Estate Unit 35,Bellingham,Massachusetts,Norfolk County,02019,42.081423480348,-71.50901274615839,2852844.27,92820.00
a89e9426-b906-41e1-6e63-72523112b180,1966-11-19,,999-91-7620,S99970647,X8547195X,Mrs.,Henry768,Murazik203,,Will178,M,white,nonhispanic,F,Housatonic  Massachusetts  US,948 Gislason Trail Unit 0,Woburn,Massachusetts,Middlesex County,01890,42.495365247832446,-71.19171766094395,1714580.54,123767.48
11b785dc-3408-5cc2-53f9-76f75836eb51,1968-06-23,,999-29-4996,S99956408,X22274855X,Ms.,Angelita915,Brown30,,,S,white,nonhispanic,F,Quincy  Massachusetts  US,893 Rempel Corner Apt 9,Milton,Massachusetts,Norfolk County,02186,42.27606048937147,-71.1073548016185,2896207.82,171304.74
42885190-7f84-1558-0cec-a9281be1705e,1952-10-08,,999-61-8947,S99997308,X66945660X,Mr.,Sebastian508,Rath779,,,S,black,nonhispanic,M,Westport  Massachusetts  US,147 Kulas Estate,Bellingham,Massachusetts,Norfolk County,,42.027087241930154,-71.4266753847938,2356863.70,179710.76
9c567184-63d4-09d4-e246-709d3a1a40b2,1990-08-29,,999-74-6022,S99920150,X5737355X,Mrs.,Mozelle144,Marquardt819,,Quigley282,M,white,nonhispanic,F,Malden  Massachusetts  US,259 Christiansen Crossroad,Dover,Massachusetts,Norfolk County,,42.26645442317769,-71.280987403857,1224528.11,130171.42
0b2baf27-c052-8d25-acd1-38de167bd06a,1978-03-10,1989-03-07,999-83-3853,,,,Odell776,Skiles927,,,,white,nonhispanic,M,Dudley  Massachusetts  US,534 Cruickshank Orchard,Barre,Massachusetts,Worcester County,01005,42.46395386820366,-72.08537050454908,288294.27,0.00
f51f3ac5-4eb7-8d02-314c-8c95c424677e,1977-04-07,,999-90-5118,S99954271,X69763959X,Mrs.,Leilani136,Dickinson688,,Daugherty69,M,white,nonhispanic,F,Auburn  Massachusetts  US,864 Eichmann Frontage road Suite 93,Millis,Massachusetts,Norfolk County,,42.131228268949585,-71.32213612269223,1295676.22,117398.80
64d36417-5315-89ea-8c66-a60f55b9d058,2003-09-15,,999-99-9690,S99977019,,Mr.,Michale231,Runolfsson901,,,,white,nonhispanic,M,Hampden  Massachusetts  US,882 Gusikowski Terrace,Quincy,Massachusetts,Norfolk County,02170,42.211354172351996,-71.00793828529137,473679.03,1355.55
a74e1231-1e25-8a18-8078-623142a19820,1978-03-10,,999-92-8027,S99911049,X66142728X,Mr.,Enoch803,Boehm581,,,M,white,nonhispanic,M,Saugus  Massachusetts  US,512 Crona Hollow,Barre,Massachusetts,Worcester County,01005,42.386233317883,-72.09339102374966,1073992.10,545.39
df956a45-14d5-4d08-4a66-ff6f9e4fb8ef,1990-04-15,,999-51-7903,S99958391,X42240253X,Mrs.,Bernardina456,Effertz744,,Hoeger474,M,white,nonhispanic,F,Framingham  Massachusetts  US,830 Hagenes Haven,Brockton,Massachusetts,Plymouth County,,42.134427932668096,-70.9495637375555,1053773.32,11049.46
1668e810-c194-4494-e5f3-632706b1c5c0,1994-08-15,,999-12-8724,S99983446,X3061088X,Mr.,Leonard963,Simonis280,,,M,white,nonhispanic,M,Hanover  Massachusetts  US,123 Rath Byway,Williamstown,Massachusetts,Berkshire County,01267,42.67228043066395,-73.21577684823828,1192570.08,153484.85
2735de8b-8023-fa2d-72dc-eb94ef93c6d2,1993-05-17,,999-59-3497,S99916908,X44094184X,Mr.,Alfred550,Moen819,,,S,white,nonhispanic,M,Springfield  Massachusetts  US,133 Herman Divide Apt 94,Hanover,Massachusetts,Plymouth County,,42.07335297741565,-70.85926965091758,683090.32,815.77
8700298b-b0fb-9bfc-7b66-73c252734bba,1964-12-30,,999-85-6591,S99978740,X65242572X,Mr.,Alberto639,Mosciski958,,,M,white,nonhispanic,M,Methuen  Massachusetts  US,527 Bogisich Rest Suite 36,Pembroke,Massachusetts,Plymouth County,,42.078042285688944,-70.82673927419958,1554776.30,0.00
0b5055f2-56a9-cbc6-cfbf-bdc0c5e8a3b6,1948-06-10,,999-20-4690,S99915524,X24608341X,Mr.,Roy364,Feeney44,,,S,white,nonhispanic,M,Foxborough  Massachusetts  US,543 Auer Knoll Unit 46,Waltham,Massachusetts,Middlesex County,02452,42.41207815630778,-71.24295571651798,1921609.40,83338.12
d2a7bfc4-ff81-3b99-b60e-59d7e9ca785e,1942-05-13,,999-16-2395,S99941519,X57326926X,Mrs.,Bridgette172,Prosacco716,,Breitenberg711,M,asian,nonhispanic,F,Salem  Massachusetts  US,685 Monahan Gate,Cambridge,Massachusetts,Middlesex County,02140,42.34001112515681,-71.10684016377589,3260440.45,976153.87
2a3666e4-8a37-cde9-1734-bceb27ed29b1,1964-03-15,,999-96-7744,S99933562,X15246118X,Mr.,Ray930,Rodriguez71,,,M,white,nonhispanic,M,Worcester  Massachusetts  US,727 Lang Ferry,Gloucester,Massachusetts,Essex County,,42.64069966870376,-70.71417070656015,1474908.52,2567.90
31971a81-a7a6-4cd6-9fc9-ee1b05b5311e,1976-12-01,,999-93-8032,S99946410,X88721420X,Mrs.,Guillermina633,Strosin214,,Paucek755,M,white,nonhispanic,F,Middleborough  Massachusetts  US,115 Daugherty Rue,Randolph,Massachusetts,Norfolk County,02368,42.197112723191964,-71.0050000337959,553528.18,6299.70
4ce4db29-c558-2291-d88b-704a55f32abf,1976-12-15,,999-59-3833,S99974055,X11728629X,Mr.,Graig740,Rippin620,,,S,white,nonhispanic,M,Grafton  Massachusetts  US,942 Russel Rapid,Pittsfield,Massachusetts,Berkshire County,,42.435743077552544,-73.28961262605482,1123433.25,1023.86
0cc78c87-011f-0379-5d5f-6565009af4af,2012-10-24,,999-53-9894,,,,Lakeisha206,Friesen796,,,,white,nonhispanic,F,Waltham  Massachusetts  US,498 Orn Dam,Springfield,Massachusetts,Hampden County,01118,42.145642852511884,-72.5044352587529,551505.40,138.00
6518cc5c-aedd-1efe-8526-501873ae0dfa,2004-08-25,2014-08-23,999-46-5710,,,,Felica690,Schamberger479,,,,white,nonhispanic,F,Boston  Massachusetts  US,797 Kovacek Trace,Dudley,Massachusetts,Worcester County,,42.068439057264115,-71.9057386572472,282102.08,0.00
c20121c3-3be1-24f8-7a53-eb983b59f750,1978-07-25,,999-83-3428,S99934852,X23408433X,Mrs.,Leone669,Schmidt332,,Jast432,M,white,nonhispanic,F,Peabody  Massachusetts  US,539 Walker Stravenue,Leominster,Massachusetts,Worcester County,,42.54014585040121,-71.8235939268719,2309195.48,410101.68
c628d8e4-e9f5-18f5-0b42-75ac4e70edee,1958-07-20,1967-06-13,999-46-6030,,,,Ignacio928,Bosco882,,,,white,nonhispanic,M,Westborough  Massachusetts  US,352 Medhurst Esplanade,Weymouth,Massachusetts,Norfolk County,02189,42.15859288242304,-70.91110157094114,232189.35,107.27
01594f40-07bc-aa29-b4cd-41fe4847ba33,2004-08-25,,999-54-2150,S99990481,,,Monet875,Considine820,,,,white,nonhispanic,F,Merrimac  Massachusetts  US,736 Boyle Rest Suite 7,Dudley,Massachusetts,Worcester County,,42.07153756115138,-71.97926694557648,459290.85,761.85
c843deba-8059-885e-c1ef-f61a0f77811b,1991-11-01,,999-34-8455,S99963116,X75127749X,Mrs.,Rosina706,Muller251,,Turner526,M,white,hispanic,F,Leominster  Massachusetts  US,630 Abernathy Annex,Fall River,Massachusetts,Bristol County,02721,41.70182627690553,-71.20295698074924,976911.06,119400.72
f65e9709-d968-05b3-9566-7b5db2a2f342,1972-04-18,,999-76-1086,S99978325,X51043427X,Ms.,Estela596,Castellanos521,,,S,black,hispanic,F,Bayamon  Puerto Rico  PR,997 Dicki Well Apt 11,Watertown,Massachusetts,Middlesex County,02472,42.390186437482626,-71.20684125287951,1933277.25,406602.82
70702512-673d-0dc7-e43b-30f6b0d951bc,1996-12-16,,999-49-1884,S99958097,X20028096X,Mr.,Kris249,Quigley282,,,,white,nonhispanic,M,Lunenburg  Massachusetts  US,318 Barrows Terrace,Chelmsford,Massachusetts,Middlesex County,,42.60954152947853,-71.39451652287687,631711.02,780.75
a9d735b4-f56a-8756-17d4-c72f9abb4a8d,1961-12-03,1971-09-12,999-39-3827,,,,Daniel959,Ryan260,,,,white,nonhispanic,M,Bridgewater  Massachusetts  US,398 Dicki Rapid Suite 85,Springfield,Massachusetts,Hampden County,01107,42.11113450722596,-72.5954756810211,250995.45,23261.27
a1c05d6e-b7cc-5fd7-6f4d-88372b98b6f6,1958-07-20,,999-25-1162,S99912289,X65297084X,Mr.,Octavio643,Toy286,,,S,white,nonhispanic,M,Pembroke  Massachusetts  US,778 Grant Ramp,Weymouth,Massachusetts,Norfolk County,02190,42.152586635619976,-70.96533522492552,1597417.57,5021.31
f5026826-8c94-d48f-93c4-6fd4915c9627,2004-12-12,,999-38-8901,S99947834,,,Lorretta561,Schmidt332,,,,white,nonhispanic,F,Brookline  Massachusetts  US,239 Hayes Skyway,Lancaster,Massachusetts,Worcester County,,42.50862285167237,-71.64064231080319,422124.60,1933.28
9a829390-2483-fe91-1a20-53717493cdfc,1945-04-24,1948-04-23,999-26-1431,,,,Daron260,Hyatt152,,,,white,nonhispanic,M,Boston  Massachusetts  US,1037 Bogisich Light,Dartmouth,Massachusetts,Bristol County,,41.60633359532205,-70.94053118798729,81121.12,0.00
6520a921-19e2-acfc-b163-bd5a02004709,1945-04-24,1946-11-22,999-84-4120,,,,Grant908,Gottlieb798,,,,white,nonhispanic,M,Methuen  Massachusetts  US,281 Quigley Underpass Unit 15,Dartmouth,Massachusetts,Bristol County,,41.53453436872716,-70.91384826374743,45450.46,0.00
e7e37bd6-69e3-2291-2830-0a1de745b7ed,1962-11-13,,999-63-9626,S99941657,X46094127X,Mr.,Dwain139,Dooley940,,,S,white,nonhispanic,M,Millis  Massachusetts  US,296 Gislason Avenue Apt 45,Burlington,Massachusetts,Middlesex County,,42.4694987585211,-71.19034462569792,1549407.73,36628.74
d45c4bfe-3f6e-38a9-bab0-9bfd0fc62bba,1961-12-03,,999-69-6509,S99996754,X31643111X,Mr.,Jackie93,Pfannerstill264,,,M,white,nonhispanic,M,Lowell  Massachusetts  US,946 Quitzon Spur Apt 41,Springfield,Massachusetts,Hampden County,01105,42.08935205790286,-72.52150580347296,1532871.97,9690.88
99927054-1859-468a-6e35-3152b84cc25f,1945-04-24,,999-49-2445,S99961357,X13416693X,Mr.,Deandre599,Dach178,,,S,white,nonhispanic,M,Medford  Massachusetts  US,1086 Hayes Fork,Dartmouth,Massachusetts,Bristol County,,41.60430168712389,-70.95332853306522,1918684.85,65865.34
b514f6a5-2ffc-0c9a-a024-35bf649f6cf1,1992-07-05,,999-84-5827,S99979614,X26185617X,Mrs.,Vernice968,Abshire638,,Rowe323,M,white,nonhispanic,F,Waltham  Massachusetts  US,411 Kulas Tunnel Apt 4,Malden,Massachusetts,Middlesex County,02155,42.431131720155875,-71.02359741781336,1104188.99,241927.64
afa73fa0-112e-0f4a-2e97-216028b065f1,1941-05-10,1949-01-12,999-89-3074,,,,Cyrstal592,Mosciski958,,,,white,nonhispanic,F,North Adams  Massachusetts  US,394 Weissnat Key Unit 88,Lynn,Massachusetts,Essex County,01907,42.494402704332884,-70.9764099392864,222451.89,0.00
d6ed3537-bcaf-fa9c-22c9-10c271debacd,1995-01-24,,999-93-8980,S99971287,X56326159X,Mrs.,Hiedi833,Schulist381,,Green467,M,white,nonhispanic,F,Waltham  Massachusetts  US,372 Bernhard Parade,Boston,Massachusetts,Suffolk County,02131,42.35058368803857,-71.07425083777363,740199.45,495055.71
f0f2913d-0f4e-a4b9-2f19-91abdc1919e4,1974-11-25,,999-99-2247,S99926387,X44872888X,Mr.,Rex53,Kohler843,,,M,white,nonhispanic,M,Needham  Massachusetts  US,397 Anderson Road Suite 95,Haverhill,Massachusetts,Essex County,,42.772246150095796,-71.02512114025826,1242776.19,6827.96
a196514e-ab76-cc36-1886-d540ed71b26f,1995-01-25,,999-24-6172,S99912886,X79729845X,Mrs.,Niki25,Mann644,,Kub800,M,white,nonhispanic,F,Boston  Massachusetts  US,448 Nikolaus Bay,Cambridge,Massachusetts,Middlesex County,02140,42.379956544910065,-71.16120262100364,982737.24,131687.08
cb4e7e69-49f7-efc1-1eab-d24769113488,2001-07-03,,999-57-5761,S99923475,X42924932X,Ms.,Stacy406,Kirlin939,,,,black,nonhispanic,F,Harvard  Massachusetts  US,498 Nitzsche Light,Marlborough,Massachusetts,Middlesex County,,42.34618070663546,-71.58337990858234,517800.59,178705.42
0c2dff71-e3d5-dd51-da02-dabb43a432c2,2001-12-12,,999-97-7623,S99989949,X42262644X,Mr.,Ty725,Nicolas769,,,,asian,nonhispanic,M,Seoul  Seoul  KR,301 Schimmel Flat Unit 68,Boston,Massachusetts,Suffolk County,02119,42.3396985135572,-71.0779663193871,65022.93,23424.78
cd6a54b2-3b3f-c7cf-73f2-f326210b58e9,2012-04-20,,999-92-3687,,,,Albert312,Orn563,,,,white,nonhispanic,F,Medford  Massachusetts  US,812 Larson Mill Apt 88,Brockton,Massachusetts,Plymouth County,02351,42.11257312816908,-71.03797481801304,227311.13,138.00
158d3ee5-41e3-ca90-2312-dc7cfa397d8f,1941-05-10,2005-02-18,999-84-7966,S99911755,X48911633X,Mrs.,Marguerite497,Gulgowski816,,Rippin620,M,white,nonhispanic,F,Brockton  Massachusetts  US,640 Zulauf Skyway Suite 42,Lynn,Massachusetts,Essex County,01902,42.45092122968173,-71.03321204272915,2289607.89,533751.04
6ef6c1f6-d29f-e34a-aba4-e9e0cc637e4f,1981-11-10,1994-05-03,999-38-2672,,,,Vonnie403,Aufderhar910,,,,white,nonhispanic,F,Toulouse  Occitanie  FR,139 Walter Quay Suite 65,Ashburnham,Massachusetts,Worcester County,,42.67717647477278,-71.89924991737965,367957.17,238.13
1dbba8ad-dc21-05c4-29d4-5309f043380b,1982-10-24,,999-62-2673,S99984308,X42963217X,Mr.,Franklyn361,Gutkowski940,,,M,white,nonhispanic,M,New Bedford  Massachusetts  US,456 Carroll Drive Unit 25,North Brookfield,Massachusetts,Worcester County,01535,42.2711254225915,-72.0699026129314,658110.74,11590.30
03e51c54-9e06-728c-ce8b-aa0d7e0c5383,1966-04-29,,999-36-8201,S99991865,X28457674X,Mr.,Miguel Ángel46,Carreón894,,,M,black,nonhispanic,M,Lima  Lima Province  PE,292 White Bypass,Monson,Massachusetts,Hampden County,,42.04660675175017,-72.29282866571705,203660.80,616.91
ca4270a8-6a09-f5fe-8e74-9d02aca4c47f,2004-12-07,,999-64-7572,S99962233,,,Willard975,Senger904,,,,white,nonhispanic,M,Brookline  Massachusetts  US,1007 Parker Well Apt 0,Deerfield,Massachusetts,Franklin County,01342,42.504334972530806,-72.60325165520779,451365.87,425.66
3f6f8deb-e836-abba-52e6-250c39f65bb9,1981-11-10,,999-61-6506,S99955162,X54983516X,Ms.,Nettie309,Steuber698,,,S,white,nonhispanic,F,Toulouse  Occitanie  FR,679 Dickinson Grove,Ashburnham,Massachusetts,Worcester County,,42.6628665554665,-71.92569730591136,1931459.99,427108.76
11d9bdb9-80d4-0d2a-f4f2-6f2b5235c2b3,1951-10-23,1959-10-21,999-70-4914,,,,Geraldo282,Bahringer146,,,,white,nonhispanic,M,North Brookfield  Massachusetts  US,628 Deckow Drive Unit 55,Boston,Massachusetts,Suffolk County,02115,42.28102689258151,-71.02771049933585,198694.56,277.90
9b40f364-af8f-0b52-03b3-682f3c6183a3,2013-08-24,,999-66-3342,,,,Elvis145,Rau926,,,,white,nonhispanic,M,Boston  Massachusetts  US,567 Bailey Loaf Suite 20,Auburn,Massachusetts,Worcester County,,42.21585459194238,-71.85414039892954,28402.92,13165.08
db7b7aa9-9c88-7310-c5f2-e63f98340abf,1948-09-25,,999-18-4705,S99913816,X4143690X,Mrs.,Lasonya941,Hane680,,Willms744,M,white,nonhispanic,F,Medfield  Massachusetts  US,748 O'Kon Hollow,Taunton,Massachusetts,Bristol County,02767,41.94935164708259,-71.06791728811075,2377026.81,413959.30
69d416bc-703d-f60e-998e-77ad4d692e84,1999-06-25,,999-97-1052,S99952130,X77783148X,Ms.,Monet875,Rutherford999,,,,white,nonhispanic,F,Oxford  Massachusetts  US,352 Jacobson Union,Cambridge,Massachusetts,Middlesex County,02139,42.37621309644185,-71.16306247070086,605140.15,485.88
dc03b211-10c0-67e9-13c5-46fee4245948,1941-05-10,2017-04-15,999-47-8199,S99962640,X64195506X,Mrs.,Rossana121,Gleichner915,,Lueilwitz711,M,white,nonhispanic,F,Boston  Massachusetts  US,397 Dickens Flat Apt 37,Lynn,Massachusetts,Essex County,01940,42.45960768326302,-70.95143899101866,3278706.97,498595.33
9f9a371b-a487-03ab-da6f-0f768b43bb5a,2007-01-06,,999-69-6618,,,,Maxine796,Watsica258,,,,white,nonhispanic,F,Bedford  Massachusetts  US,1038 Morar Union Unit 62,Malden,Massachusetts,Middlesex County,02155,42.41032225327405,-71.02615857065894,401935.16,870.24
103854d9-fb85-ee55-0409-28dc800aa6e3,1983-07-01,,999-90-6571,S99976825,X55179027X,Mr.,Dewayne363,Lueilwitz711,,,M,white,nonhispanic,M,Walpole  Massachusetts  US,619 Green Run,Chicopee,Massachusetts,Hampden County,01020,42.12920866444465,-72.58026662794688,1114262.82,180.06
01491320-8958-0641-3c36-8414a1cf8b8b,2013-08-14,,999-70-9760,,,,Gilbert263,Schneider199,,,,asian,nonhispanic,M,Boston  Massachusetts  US,780 Schulist Viaduct Suite 95,Southbridge,Massachusetts,Worcester County,,42.035060480099204,-72.06507041959804,253944.86,0.00
7bfb3fc6-4e4f-5875-e382-0edf63404b34,1951-10-23,,999-80-8609,S99992614,X24818831X,Mr.,Guadalupe206,Sawayn19,PhD,,M,white,nonhispanic,M,Uxbridge  Massachusetts  US,113 Collins Wynd Suite 47,Boston,Massachusetts,Suffolk County,02121,42.34378977656086,-71.08344493446178,1842664.65,54987.76
e2ea203d-0b72-1c86-e317-9a913b522006,1941-05-10,,999-72-2885,S99978020,X43671640X,Mrs.,Rosa195,Anderson154,,Feil794,M,white,nonhispanic,F,Arlington  Massachusetts  US,258 Rolfson Neck,Lynn,Massachusetts,Essex County,01906,42.50958669278974,-70.91599151551452,3083983.17,314726.61
f4b93375-4820-2a7b-837a-a48ff7e84184,1970-07-22,,999-19-1092,S99923104,X25736511X,Mr.,Floyd420,Carroll471,,,M,black,nonhispanic,M,Marblehead  Massachusetts  US,148 Lesch Port Apt 51,Winthrop,Massachusetts,Suffolk County,02128,42.41473572441873,-70.99342029928435,1916060.36,1373.23
c71a2bd8-6297-11a6-a22b-b0385471e970,2001-10-02,,999-61-3270,S99996538,X9579963X,Mr.,Philip822,Trantow673,,,,white,nonhispanic,M,Brockton  Massachusetts  US,709 Turner Ville,Granby,Massachusetts,Hampshire County,,42.29329019728745,-72.5494036967912,1042547.62,155942.45
e3c99beb-012d-34b2-3106-43d09677eb4e,2015-08-01,,999-18-9642,,,,Margorie48,Macejkovic424,,,,white,nonhispanic,F,Boston  Massachusetts  US,615 Volkman Meadow Apt 29,Lowell,Massachusetts,Middlesex County,01852,42.64423620176479,-71.33654756753974,108193.79,35.40
1d754837-ea72-0c65-a1b8-e6256ec0bc83,1982-05-06,2019-08-29,999-50-5741,S99932005,X6798423X,Mrs.,Alexis664,Pfannerstill264,,Shields502,M,white,nonhispanic,F,Medford  Massachusetts  US,153 Huels Underpass,Winchester,Massachusetts,Middlesex County,,42.435628924719566,-71.121462598052,1672561.49,282105.05
0d4dee62-9b26-afd4-e1fe-c586a9f667dc,1980-02-22,,999-69-1203,S99958966,X64864484X,Mr.,Xavier983,Klocko335,,,M,white,hispanic,M,Beverly  Massachusetts  US,777 Schroeder Extension Suite 97,Ludlow,Massachusetts,Hampden County,,42.155538624013204,-72.45882574754957,1087615.88,3633.37
fa69f006-ce5b-9739-9266-bbcfb04e3dc2,1982-03-21,,999-74-8678,S99944738,X83107776X,Ms.,Prudence900,Windler79,,,S,white,nonhispanic,F,Barnstable  Massachusetts  US,343 Bosco Skyway,Sterling,Massachusetts,Worcester County,,42.42088500859612,-71.76099149266506,1258008.78,207983.63
ffeaea78-bd1c-4dfe-d80a-85f2e4deb458,1982-05-06,,999-71-1396,S99959716,X66184795X,Mrs.,Mable471,Runte676,,Bruen238,M,white,nonhispanic,F,Hudson  Massachusetts  US,674 Littel Rue,Winchester,Massachusetts,Middlesex County,,42.422454105246786,-71.130854057695,1036592.15,158009.89
8c32faa1-0414-1d33-7f61-7ceb86775f1c,1956-03-26,2013-12-24,999-73-6743,S99936899,X73567804X,Ms.,Stephenie799,Jaskolski867,,,S,white,nonhispanic,F,Wareham  Massachusetts  US,474 Strosin Highlands,Boston,Massachusetts,Suffolk County,02215,42.362914740865584,-71.06952663279174,1896793.62,308920.50
2ef75c88-c1e5-f1f3-68f0-25f6e979c1d5,1978-11-22,,999-13-2980,S99998166,X65838891X,Mrs.,Tanya49,Schmitt836,,Huels583,M,hawaiian,nonhispanic,F,Swampscott  Massachusetts  US,922 Walker Lane,Chicopee,Massachusetts,Hampden County,,42.16319448127525,-72.6487969765331,1504043.85,255587.41
130df574-20da-a575-35df-930b0d3e2fdd,1983-02-08,,999-53-8186,S99977338,X86802754X,Mr.,Cletus494,Feest103,,,M,white,hispanic,M,Peabody  Massachusetts  US,693 Reinger Branch Apt 83,Walpole,Massachusetts,Norfolk County,,42.1920911461537,-71.25881218705264,1181875.28,0.00
661bded4-6a87-a502-d62d-8807e0f410ca,2005-07-07,,999-57-7601,S99983406,,,Shantae970,Quitzon246,,,,white,nonhispanic,F,Lunenburg  Massachusetts  US,993 Murazik Junction,Westwood,Massachusetts,Norfolk County,,42.23916264624455,-71.21514238337208,404470.17,280.81
73526d4d-187f-7f63-1d83-cf0acfc61bc2,1948-08-19,2019-10-26,999-21-4863,S99943652,X70426807X,Ms.,Agueda283,Schumm995,,,S,white,nonhispanic,F,Richmond  Massachusetts  US,368 Lindgren Parade Suite 39,Westborough,Massachusetts,Worcester County,,42.29204505737785,-71.60856784076881,2812992.35,845528.27
f54c4f5e-3d15-62cc-144b-ba4dcbca1fcb,1961-01-07,2007-11-06,999-15-2730,S99987399,X82224514X,Mr.,Felton646,Howe413,,,M,white,nonhispanic,M,West Springfield  Massachusetts  US,268 Hayes Avenue Suite 63,Westfield,Massachusetts,Hampden County,01085,42.107354175321646,-72.79791092832491,1435649.53,479.82
6c04693b-291c-1bac-34f0-7ac6968e4a7d,1956-03-26,,999-13-6826,S99991986,X26799288X,Mrs.,Edelmira985,McClure239,,Rogahn59,M,white,nonhispanic,F,Springfield  Massachusetts  US,308 Ward Highlands Suite 42,Boston,Massachusetts,Suffolk County,02467,42.27744669289399,-71.1361441806574,2309295.72,271588.30
74bdacf8-39ae-def2-e29d-1a3ccd33018d,1992-08-02,,999-29-4323,S99986058,X9719759X,Mr.,Winford225,Leannon79,,,M,white,nonhispanic,M,Agawam  Massachusetts  US,127 Schiller Key Apt 25,Lee,Massachusetts,Berkshire County,01238,42.26642688162855,-73.18705194130865,927397.35,1138.10
ef82a6e8-577d-e1c3-21e8-16e02dedcdab,1948-08-19,,999-45-5994,S99984143,X69276274X,Mrs.,Willene254,Nikolaus26,,Koelpin146,M,white,nonhispanic,F,Framingham  Massachusetts  US,314 Ullrich Gardens Apt 34,Westborough,Massachusetts,Worcester County,,42.27801685315778,-71.5684768386283,2017715.02,347703.52
29901589-9677-67f0-f5f8-5a65d3898b41,2016-01-02,,999-40-4240,,,,An125,Goyette777,,,,white,nonhispanic,F,Naples  Campania  IT,963 Hauck Vista,Springfield,Massachusetts,Hampden County,01107,42.163235281404134,-72.52293189208231,20573.95,11284.80
678f6dd7-1072-ed64-78f0-380c72194665,1946-03-15,,999-40-5397,S99953561,X21963339X,Mr.,Herschel574,Stiedemann542,,,S,white,nonhispanic,M,Boston  Massachusetts  US,206 Greenfelder Camp Apt 28,Natick,Massachusetts,Middlesex County,,42.29717394180993,-71.34804465505817,1907109.20,75638.60
38ea787f-c6e7-bd96-5861-bae9eeee6329,1982-10-01,,999-50-9776,S99969506,X19260439X,Mrs.,Gillian484,Moore224,,Pagac496,M,white,nonhispanic,F,Somerville  Massachusetts  US,146 Hermiston Bypass Apt 44,East Pepperell,Massachusetts,Middlesex County,,42.624583688836516,-71.55595259455384,552262.59,9485.24
7f58a565-6190-a665-2aac-bc3c3d9da438,2012-02-03,,999-58-5568,,,,Morgan564,Bartell116,,,,hawaiian,hispanic,M,Westford  Massachusetts  US,722 Hamill Forge,Holliston,Massachusetts,Middlesex County,,42.15136484283971,-71.4065133923367,259030.75,249.40
9c0abb5a-c395-3441-567b-7bbcdb65c9ad,1961-01-07,2012-03-31,999-75-1413,S99977166,X29014779X,Mr.,Andrea7,Berge125,,,M,white,nonhispanic,M,Barnstable  Massachusetts  US,359 Green Corner Unit 78,Westfield,Massachusetts,Hampden County,01086,42.12745829602134,-72.75791397044708,1327375.92,14583.90
be2724e0-660d-85a5-52d0-4e37b712403d,1987-09-02,,999-58-8293,S99946227,X77817733X,Mrs.,Willia886,Kessler503,,Grant908,M,white,nonhispanic,F,Boston  Massachusetts  US,474 Gerlach Club Apt 89,Wellesley,Massachusetts,Norfolk County,02492,42.25212582121781,-71.25819732438374,2045330.79,129527.26
841463ed-cb9a-0113-e56f-57348305df41,1989-04-14,,999-61-3957,S99919756,X9710117X,Mr.,Max124,Corkery305,,,M,white,hispanic,M,Pinehurst  Massachusetts  US,516 Kling Ferry,Newbury,Massachusetts,Essex County,,42.77013780387877,-70.82644553966306,842444.48,0.00
158413fd-4287-6e6b-3e16-2e3f5b71d5c1,2009-05-20,,999-99-8759,,,,Delbert384,Will178,,,,asian,nonhispanic,M,Quincy  Massachusetts  US,510 Kilback Landing Suite 52,Needham,Massachusetts,Norfolk County,02494,42.27449560241308,-71.23961379696738,336185.85,516.01
ddae07cb-58ef-15bd-1862-9a844f7e4e96,1944-03-07,,999-26-9026,S99987369,X46665699X,Ms.,Christie481,Orn563,,,S,asian,nonhispanic,F,Fitchburg  Massachusetts  US,630 Yundt Rapid Unit 1,Newton,Massachusetts,Middlesex County,02464,42.40335871075887,-71.19282752988684,2674488.28,504891.76
e932962e-8091-010f-6b74-7a7bd81a1ab2,2013-01-31,,999-92-6165,,,,Reynaldo722,Schneider199,,,,black,nonhispanic,M,Berkley  Massachusetts  US,204 Kirlin Track Apt 95,Pembroke,Massachusetts,Plymouth County,,42.07460046627785,-70.84211707767992,234463.49,165.60
af26474a-ffe2-8d4e-818a-2f10ace1f62d,1961-01-07,,999-72-8608,S99954950,X37892962X,Mr.,Adan632,McClure239,,,M,white,nonhispanic,M,Cambridge  Massachusetts  US,179 Lowe Rapid,Westfield,Massachusetts,Hampden County,01085,42.09078274203968,-72.7460846628977,1661455.76,31424.19
c29e809d-5512-4099-9cd3-d33d7a15823a,2015-11-01,,999-85-5344,,,,Wilfredo622,Lubowitz58,,,,white,nonhispanic,M,Groton  Massachusetts  US,583 Fadel Mill Unit 4,Easton,Massachusetts,Bristol County,,42.040925095348996,-71.1196046205451,184487.43,107.63
290a79a0-48ba-db1a-a6f6-82b4149ee060,1984-12-25,,999-18-9717,S99922586,X798974X,Mrs.,Greta919,Krajcik437,,Barton704,M,white,nonhispanic,F,Hudson  Massachusetts  US,895 Greenholt Haven,Lawrence,Massachusetts,Essex County,,42.723644526822945,-71.17032929226805,1420887.38,41677.50
8e43319d-5843-9447-62e2-409d7a762e0f,1974-08-26,,999-16-8690,S99968868,X42143438X,Mrs.,Stacie105,Sauer652,,Ryan260,M,white,nonhispanic,F,Worcester  Massachusetts  US,715 Lynch Landing Unit 99,Pittsfield,Massachusetts,Berkshire County,,42.46149122817997,-73.23288696121239,771508.52,245375.19
6af0cec2-e892-72c6-4f41-88d4abc6d5aa,1968-04-15,,999-36-2275,S99972465,X50859587X,Mrs.,Brigida296,Von197,,Macejkovic424,M,white,nonhispanic,F,Springfield  Massachusetts  US,1026 Weimann Rest,Manchester-by-the-Sea,Massachusetts,Essex County,,42.56138357417027,-70.73498900204976,2136415.97,416689.09
c4e3f002-b64b-e61c-0640-cddd0e1eb57c,1960-07-19,,999-83-3482,S99959061,X73002162X,Mrs.,Carey440,Effertz744,,Strosin214,M,white,nonhispanic,F,West Yarmouth  Massachusetts  US,284 Quigley Haven,Belmont,Massachusetts,Middlesex County,,42.356918109170394,-71.19767716014645,1837110.42,211996.77
287974d8-269a-2abf-78e0-0801d225eaf9,1981-12-23,,999-63-1853,S99980514,X44541940X,Mr.,Ross213,Windler79,,,M,white,nonhispanic,M,Millis  Massachusetts  US,883 Heaney Harbor,Boston,Massachusetts,Suffolk County,02129,42.34470787393312,-71.08076866332121,979596.34,1224.27
e74ecbbb-4007-0861-1517-95af77a294a0,1943-10-29,,999-53-2466,S99999023,X45270022X,Ms.,Siu135,Jenkins714,,,S,white,nonhispanic,F,Revere  Massachusetts  US,1077 Koch Haven Unit 16,Framingham,Massachusetts,Middlesex County,01701,42.23541693553108,-71.38842133015132,1145663.47,272490.89
4d912369-0acf-f6fc-c504-2b25e92c2ae4,1998-06-06,,999-27-9758,S99952632,X60055465X,Mr.,Rodolfo763,Morissette863,,,,white,nonhispanic,M,Dover  Massachusetts  US,720 Cartwright Promenade Apt 3,Cambridge,Massachusetts,Middlesex County,02472,42.361720071055075,-71.09334731121662,605117.30,18398.78
